Station_ID,Location,Latitude,Longitude,Mangrove_Cover_ha,Carbon_Sequestration_tCO2_per_ha_per_year,pH,Salinity_ppt,Dissolved_Oxygen_mg_L,Turbidity_NTU,Biodiversity_Index,Fish_Count,Timestamp
NCCR001,Tuticorin,8.7642,78.1348,138.1,5.98,7.56,33.6,7.66,22.9,0.55,544,2024-07-26 10:00:00
NCCR002,Puducherry,11.9416,79.8083,259.8,4.6,8.38,32.8,7.0,11.6,0.73,280,2024-07-26 10:15:00
NCCR003,Mumbai,19.076,72.8777,229.5,6.0,8.23,35.4,7.5,12.9,0.52,520,2024-07-26 10:30:00
NCCR004,Kochi,9.9312,76.2673,120.6,6.63,7.72,31.5,7.86,23.0,0.67,524,2024-07-26 10:45:00
NCCR005,Andaman,11.6234,92.7265,66.2,6.7,8.46,34.2,7.99,21.4,0.56,530,2024-07-26 11:00:00
NCCR006,Chennai,13.0827,80.2707,53.7,8.89,8.49,30.5,7.05,8.4,0.93,156,2024-07-26 11:15:00
NCCR007,Kolkata,22.5726,88.3639,138.2,7.24,7.86,34.2,7.55,15.3,0.62,199,2024-07-26 11:30:00
NCCR008,Tuticorin,8.7642,78.1348,210.6,4.82,7.64,30.7,5.19,13.0,0.76,370,2024-07-26 11:45:00
NCCR009,Chennai,13.0827,80.2707,252.9,6.35,8.31,30.4,5.89,24.6,0.87,203,2024-07-26 12:00:00
NCCR010,Tuticorin,8.7642,78.1348,203.4,8.73,8.08,33.4,7.59,21.5,0.72,521,2024-07-26 12:15:00
NCCR011,Mangalore,12.9141,74.856,171.1,4.9,7.62,37.0,5.63,12.7,0.95,340,2024-07-26 12:30:00
NCCR012,Goa,15.2993,74.124,298.2,5.37,8.09,30.3,5.69,6.2,0.81,150,2024-07-26 12:45:00
NCCR013,Kolkata,22.5726,88.3639,84.9,5.54,7.56,31.7,6.88,11.6,0.78,551,2024-07-26 13:00:00
NCCR014,Tuticorin,8.7642,78.1348,274.5,5.92,8.01,36.3,6.06,15.4,0.92,329,2024-07-26 13:15:00
NCCR015,Chennai,13.0827,80.2707,127.0,5.25,7.54,31.1,7.19,14.8,0.82,444,2024-07-26 13:30:00
NCCR016,Kochi,9.9312,76.2673,78.9,7.06,7.95,30.7,7.65,5.0,0.89,223,2024-07-26 13:45:00
NCCR017,Tuticorin,8.7642,78.1348,128.5,6.62,8.46,34.4,5.81,16.0,0.54,250,2024-07-26 14:00:00
NCCR018,Kolkata,22.5726,88.3639,251.1,7.33,7.73,30.6,6.22,8.5,0.78,550,2024-07-26 14:15:00
NCCR019,Kolkata,22.5726,88.3639,66.2,8.08,7.83,35.7,6.77,15.7,0.64,225,2024-07-26 14:30:00
NCCR020,Chennai,13.0827,80.2707,164.2,5.13,7.76,33.1,6.55,9.8,0.93,217,2024-07-26 14:45:00
NCCR021,Visakhapatnam,17.6868,83.2185,162.1,7.61,8.31,34.2,7.09,22.3,0.63,466,2024-07-26 15:00:00
NCCR022,Tuticorin,8.7642,78.1348,183.2,7.78,7.56,32.9,7.09,17.0,0.5,240,2024-07-26 15:15:00
NCCR023,Puducherry,11.9416,79.8083,157.1,6.59,8.48,30.9,5.62,20.7,0.7,349,2024-07-26 15:30:00
NCCR024,Kochi,9.9312,76.2673,300.0,6.69,7.71,31.3,5.1,22.5,0.93,453,2024-07-26 15:45:00
NCCR025,Tuticorin,8.7642,78.1348,275.1,5.72,8.01,34.2,6.6,12.6,0.91,282,2024-07-26 16:00:00
NCCR026,Andaman,11.6234,92.7265,296.6,8.83,7.91,32.3,6.7,20.7,0.86,525,2024-07-26 16:15:00
NCCR027,Kochi,9.9312,76.2673,248.9,8.15,8.32,32.9,6.13,11.9,0.66,526,2024-07-26 16:30:00
NCCR028,Kolkata,22.5726,88.3639,211.8,8.92,7.58,34.4,7.59,14.7,0.56,150,2024-07-26 16:45:00
NCCR029,Kolkata,22.5726,88.3639,86.3,5.06,7.86,34.1,5.37,13.9,0.72,297,2024-07-26 17:00:00
NCCR030,Tuticorin,8.7642,78.1348,191.2,8.92,8.03,34.2,7.07,19.0,0.68,474,2024-07-26 17:15:00
NCCR031,Tuticorin,8.7642,78.1348,198.8,6.92,8.45,33.4,7.13,20.9,0.71,479,2024-07-26 17:30:00
NCCR032,Visakhapatnam,17.6868,83.2185,265.7,5.11,7.92,31.3,7.31,7.4,0.85,229,2024-07-26 17:45:00
NCCR033,Chennai,13.0827,80.2707,138.8,5.32,8.24,31.5,7.69,19.7,0.85,235,2024-07-26 18:00:00
NCCR034,Kochi,9.9312,76.2673,282.2,7.24,7.77,34.3,7.9,15.0,0.76,309,2024-07-26 18:15:00
NCCR035,Goa,15.2993,74.124,120.1,8.41,7.99,34.7,5.92,18.4,0.81,189,2024-07-26 18:30:00
NCCR036,Tuticorin,8.7642,78.1348,233.7,5.46,8.0,30.3,5.52,23.5,0.57,449,2024-07-26 18:45:00
NCCR037,Puducherry,11.9416,79.8083,133.1,8.57,7.84,31.8,7.31,22.6,0.72,406,2024-07-26 19:00:00
NCCR038,Goa,15.2993,74.124,108.9,7.91,8.18,32.2,7.43,16.5,0.68,260,2024-07-26 19:15:00
NCCR039,Kochi,9.9312,76.2673,287.5,7.98,7.77,30.2,6.15,16.6,0.52,154,2024-07-26 19:30:00
NCCR040,Andaman,11.6234,92.7265,113.9,5.35,7.54,34.8,5.03,9.2,0.8,323,2024-07-26 19:45:00
NCCR041,Puducherry,11.9416,79.8083,119.5,8.5,7.6,34.5,5.14,6.0,0.6,235,2024-07-26 20:00:00
NCCR042,Chennai,13.0827,80.2707,199.2,8.45,7.88,36.4,7.33,8.5,0.87,387,2024-07-26 20:15:00
NCCR043,Mumbai,19.076,72.8777,278.2,7.82,7.61,31.0,5.29,19.4,0.81,355,2024-07-26 20:30:00
NCCR044,Kolkata,22.5726,88.3639,84.0,5.21,7.74,35.5,6.48,17.4,0.76,254,2024-07-26 20:45:00
NCCR045,Visakhapatnam,17.6868,83.2185,257.2,8.89,8.19,35.6,6.82,24.0,0.54,527,2024-07-26 21:00:00
NCCR046,Mangalore,12.9141,74.856,281.7,8.97,7.97,32.7,5.94,16.2,0.63,492,2024-07-26 21:15:00
NCCR047,Mumbai,19.076,72.8777,143.6,8.69,8.0,35.4,7.63,18.0,0.93,374,2024-07-26 21:30:00
NCCR048,Mumbai,19.076,72.8777,258.8,6.32,8.34,33.9,5.24,6.6,0.79,189,2024-07-26 21:45:00
NCCR049,Chennai,13.0827,80.2707,269.1,7.69,7.7,36.6,5.34,6.4,0.71,285,2024-07-26 22:00:00
NCCR050,Chennai,13.0827,80.2707,240.9,6.17,8.02,34.2,7.44,14.8,0.95,338,2024-07-26 22:15:00
NCCR051,Chennai,13.0827,80.2707,85.4,4.57,7.72,32.0,5.71,13.3,0.83,243,2024-07-26 22:30:00
NCCR052,Goa,15.2993,74.124,74.0,5.0,7.78,30.5,6.92,22.5,0.79,225,2024-07-26 22:45:00
NCCR053,Andaman,11.6234,92.7265,114.6,7.85,7.91,36.1,6.47,8.1,0.83,482,2024-07-26 23:00:00
NCCR054,Andaman,11.6234,92.7265,270.2,6.44,8.38,30.7,5.18,23.2,0.55,306,2024-07-26 23:15:00
NCCR055,Kolkata,22.5726,88.3639,133.0,8.19,8.13,34.0,6.97,7.1,0.9,423,2024-07-26 23:30:00
NCCR056,Mangalore,12.9141,74.856,236.0,4.75,7.54,34.0,5.4,20.6,0.66,500,2024-07-26 23:45:00
NCCR057,Mumbai,19.076,72.8777,105.6,8.11,7.78,31.5,6.31,8.8,0.73,285,2024-07-27 00:00:00
NCCR058,Kolkata,22.5726,88.3639,80.1,5.4,7.55,35.8,6.47,15.7,0.66,408,2024-07-27 00:15:00
NCCR059,Goa,15.2993,74.124,146.1,8.74,7.69,32.0,5.49,9.4,0.82,590,2024-07-27 00:30:00
NCCR060,Mumbai,19.076,72.8777,187.8,8.91,7.89,35.8,7.32,18.8,0.94,464,2024-07-27 00:45:00
NCCR061,Mumbai,19.076,72.8777,263.8,5.16,7.64,36.2,7.53,16.3,0.7,385,2024-07-27 01:00:00
NCCR062,Mumbai,19.076,72.8777,227.3,4.71,7.9,30.9,5.85,10.6,0.89,577,2024-07-27 01:15:00
NCCR063,Puducherry,11.9416,79.8083,90.1,5.46,8.25,32.7,5.02,23.6,0.7,326,2024-07-27 01:30:00
NCCR064,Mumbai,19.076,72.8777,107.5,8.75,7.88,31.1,5.15,17.1,0.62,512,2024-07-27 01:45:00
NCCR065,Kolkata,22.5726,88.3639,114.6,8.38,8.45,30.4,5.14,10.5,0.69,256,2024-07-27 02:00:00
NCCR066,Visakhapatnam,17.6868,83.2185,176.8,8.38,7.58,36.1,7.05,16.0,0.55,432,2024-07-27 02:15:00
NCCR067,Mumbai,19.076,72.8777,92.3,7.07,8.24,35.8,6.26,20.5,0.87,449,2024-07-27 02:30:00
NCCR068,Chennai,13.0827,80.2707,180.6,8.72,8.09,35.1,6.17,22.8,0.79,338,2024-07-27 02:45:00
NCCR069,Goa,15.2993,74.124,91.6,8.35,8.21,36.7,5.5,6.5,0.94,382,2024-07-27 03:00:00
NCCR070,Visakhapatnam,17.6868,83.2185,243.9,8.01,7.53,34.7,7.14,23.0,0.73,443,2024-07-27 03:15:00
NCCR071,Puducherry,11.9416,79.8083,185.9,7.42,8.31,31.1,6.11,10.3,0.84,490,2024-07-27 03:30:00
NCCR072,Kolkata,22.5726,88.3639,220.3,5.67,7.82,32.1,7.39,12.7,0.92,394,2024-07-27 03:45:00
NCCR073,Kochi,9.9312,76.2673,245.3,5.2,8.37,33.8,5.16,13.0,0.85,200,2024-07-27 04:00:00
NCCR074,Goa,15.2993,74.124,61.5,8.01,8.27,34.4,7.62,16.2,0.84,447,2024-07-27 04:15:00
NCCR075,Chennai,13.0827,80.2707,182.5,6.76,7.84,36.2,5.64,12.9,0.67,486,2024-07-27 04:30:00
NCCR076,Andaman,11.6234,92.7265,181.3,5.64,7.84,33.6,7.89,22.5,0.89,224,2024-07-27 04:45:00
NCCR077,Mangalore,12.9141,74.856,131.7,4.67,7.64,34.9,6.17,11.1,0.59,257,2024-07-27 05:00:00
NCCR078,Kochi,9.9312,76.2673,204.1,5.26,8.48,35.7,5.44,6.3,0.78,393,2024-07-27 05:15:00
NCCR079,Tuticorin,8.7642,78.1348,116.7,7.55,7.86,35.7,5.37,15.4,0.72,193,2024-07-27 05:30:00
NCCR080,Goa,15.2993,74.124,64.2,6.28,7.99,36.4,7.73,16.0,0.67,589,2024-07-27 05:45:00
NCCR081,Mangalore,12.9141,74.856,243.0,7.75,7.88,32.8,5.16,15.0,0.9,386,2024-07-27 06:00:00
NCCR082,Tuticorin,8.7642,78.1348,85.6,5.65,8.26,30.4,6.16,21.4,0.58,397,2024-07-27 06:15:00
NCCR083,Tuticorin,8.7642,78.1348,161.7,7.07,7.99,35.1,5.33,13.9,0.76,448,2024-07-27 06:30:00
NCCR084,Kochi,9.9312,76.2673,142.0,4.58,8.35,32.6,7.92,5.6,0.76,310,2024-07-27 06:45:00
NCCR085,Chennai,13.0827,80.2707,274.3,8.49,7.68,31.4,5.03,23.1,0.63,439,2024-07-27 07:00:00
NCCR086,Goa,15.2993,74.124,242.2,8.22,8.04,32.1,6.07,14.8,0.94,247,2024-07-27 07:15:00
NCCR087,Mangalore,12.9141,74.856,113.1,8.98,7.7,36.6,7.85,5.7,0.68,172,2024-07-27 07:30:00
NCCR088,Puducherry,11.9416,79.8083,176.1,7.74,8.05,31.0,5.97,11.1,0.52,244,2024-07-27 07:45:00
NCCR089,Mumbai,19.076,72.8777,243.2,4.62,8.14,33.7,6.52,11.9,0.5,512,2024-07-27 08:00:00
NCCR090,Mumbai,19.076,72.8777,57.3,5.52,7.96,36.0,6.26,8.2,0.71,297,2024-07-27 08:15:00
NCCR091,Chennai,13.0827,80.2707,91.6,4.72,8.26,32.3,7.86,19.6,0.58,444,2024-07-27 08:30:00
NCCR092,Mangalore,12.9141,74.856,55.7,7.56,7.71,34.2,5.41,24.5,0.58,480,2024-07-27 08:45:00
NCCR093,Puducherry,11.9416,79.8083,282.2,8.82,8.39,32.0,6.2,13.6,0.59,574,2024-07-27 09:00:00
NCCR094,Chennai,13.0827,80.2707,117.1,7.63,8.11,32.3,7.47,18.9,0.65,309,2024-07-27 09:15:00
NCCR095,Chennai,13.0827,80.2707,190.0,7.21,8.19,36.4,7.12,8.7,0.63,219,2024-07-27 09:30:00
NCCR096,Chennai,13.0827,80.2707,212.8,4.74,8.31,36.5,6.1,14.8,0.66,311,2024-07-27 09:45:00
NCCR097,Chennai,13.0827,80.2707,112.8,6.19,7.51,33.8,6.23,14.7,0.73,481,2024-07-27 10:00:00
NCCR098,Mangalore,12.9141,74.856,234.4,6.62,7.95,30.7,5.95,21.1,0.55,421,2024-07-27 10:15:00
NCCR099,Mangalore,12.9141,74.856,243.6,7.34,8.0,32.8,7.49,14.2,0.76,513,2024-07-27 10:30:00
NCCR100,Kochi,9.9312,76.2673,66.0,7.49,7.77,35.3,7.13,9.9,0.74,454,2024-07-27 10:45:00
NCCR101,Tuticorin,8.7642,78.1348,160.8,7.18,8.37,36.4,5.13,24.6,0.65,196,2024-07-27 11:00:00
NCCR102,Tuticorin,8.7642,78.1348,209.1,8.63,8.28,33.2,6.26,12.0,0.76,395,2024-07-27 11:15:00
NCCR103,Goa,15.2993,74.124,237.6,8.74,8.05,32.3,5.58,18.2,0.8,457,2024-07-27 11:30:00
NCCR104,Mangalore,12.9141,74.856,132.4,5.33,8.09,32.4,6.0,12.2,0.81,204,2024-07-27 11:45:00
NCCR105,Kolkata,22.5726,88.3639,270.9,6.77,8.39,31.6,7.42,5.5,0.92,163,2024-07-27 12:00:00
NCCR106,Mangalore,12.9141,74.856,171.5,6.35,7.51,31.4,5.83,20.4,0.59,180,2024-07-27 12:15:00
NCCR107,Andaman,11.6234,92.7265,64.6,5.15,7.69,31.7,5.52,14.7,0.54,366,2024-07-27 12:30:00
NCCR108,Mumbai,19.076,72.8777,165.4,4.9,7.62,30.4,5.1,17.9,0.64,183,2024-07-27 12:45:00
NCCR109,Kolkata,22.5726,88.3639,194.7,8.85,8.33,32.4,6.67,5.9,0.87,457,2024-07-27 13:00:00
NCCR110,Chennai,13.0827,80.2707,125.1,5.37,7.58,35.2,7.08,22.8,0.53,376,2024-07-27 13:15:00
NCCR111,Mangalore,12.9141,74.856,54.9,5.24,7.8,30.2,6.2,5.4,0.56,273,2024-07-27 13:30:00
NCCR112,Tuticorin,8.7642,78.1348,148.9,4.77,7.6,31.2,6.4,20.0,0.87,259,2024-07-27 13:45:00
NCCR113,Visakhapatnam,17.6868,83.2185,78.2,8.26,8.03,34.2,7.49,21.8,0.53,480,2024-07-27 14:00:00
NCCR114,Puducherry,11.9416,79.8083,272.5,8.88,7.76,32.0,7.17,24.1,0.64,274,2024-07-27 14:15:00
NCCR115,Chennai,13.0827,80.2707,158.4,7.82,7.7,31.8,6.56,17.8,0.62,564,2024-07-27 14:30:00
NCCR116,Kochi,9.9312,76.2673,188.2,7.96,7.57,31.2,7.65,18.2,0.81,355,2024-07-27 14:45:00
NCCR117,Tuticorin,8.7642,78.1348,86.3,7.76,8.29,35.1,5.71,9.3,0.73,586,2024-07-27 15:00:00
NCCR118,Kochi,9.9312,76.2673,144.0,7.79,8.02,35.6,6.56,13.7,0.78,354,2024-07-27 15:15:00
NCCR119,Mangalore,12.9141,74.856,192.8,6.2,8.48,31.7,7.75,21.0,0.86,496,2024-07-27 15:30:00
NCCR120,Mumbai,19.076,72.8777,283.2,7.27,8.25,33.9,5.22,23.4,0.77,296,2024-07-27 15:45:00
NCCR121,Kochi,9.9312,76.2673,73.4,7.85,7.74,30.4,5.29,18.5,0.6,448,2024-07-27 16:00:00
NCCR122,Kolkata,22.5726,88.3639,174.5,5.99,8.38,30.8,6.55,20.4,0.7,230,2024-07-27 16:15:00
NCCR123,Puducherry,11.9416,79.8083,184.5,5.2,7.78,32.7,6.37,19.5,0.8,487,2024-07-27 16:30:00
NCCR124,Mumbai,19.076,72.8777,249.0,6.88,7.56,32.0,5.38,15.5,0.9,548,2024-07-27 16:45:00
NCCR125,Kochi,9.9312,76.2673,238.9,6.49,7.95,35.6,7.0,12.7,0.63,269,2024-07-27 17:00:00
NCCR126,Mangalore,12.9141,74.856,183.7,5.84,8.1,33.0,5.55,9.2,0.88,393,2024-07-27 17:15:00
NCCR127,Visakhapatnam,17.6868,83.2185,178.0,7.13,7.95,35.0,5.96,5.6,0.78,414,2024-07-27 17:30:00
NCCR128,Goa,15.2993,74.124,209.0,5.09,8.08,31.7,6.65,23.6,0.67,256,2024-07-27 17:45:00
NCCR129,Mangalore,12.9141,74.856,216.6,8.83,7.9,30.2,6.41,10.7,0.6,408,2024-07-27 18:00:00
NCCR130,Kolkata,22.5726,88.3639,263.3,5.6,8.22,31.8,6.14,18.0,0.55,159,2024-07-27 18:15:00
NCCR131,Kochi,9.9312,76.2673,179.8,8.93,7.77,31.0,5.4,16.0,0.82,165,2024-07-27 18:30:00
NCCR132,Chennai,13.0827,80.2707,172.5,5.69,8.46,32.4,6.11,20.5,0.86,392,2024-07-27 18:45:00
NCCR133,Andaman,11.6234,92.7265,279.8,5.81,7.74,33.0,5.41,16.2,0.93,441,2024-07-27 19:00:00
NCCR134,Puducherry,11.9416,79.8083,163.8,7.35,8.2,36.5,6.31,5.9,0.9,312,2024-07-27 19:15:00
NCCR135,Goa,15.2993,74.124,255.4,8.92,8.2,31.7,7.61,9.9,0.53,553,2024-07-27 19:30:00
NCCR136,Goa,15.2993,74.124,55.9,5.18,7.69,31.7,5.88,23.0,0.54,299,2024-07-27 19:45:00
NCCR137,Kochi,9.9312,76.2673,193.8,7.71,8.25,32.8,6.36,10.7,0.89,511,2024-07-27 20:00:00
NCCR138,Tuticorin,8.7642,78.1348,149.9,5.09,8.41,36.4,5.16,21.7,0.7,342,2024-07-27 20:15:00
NCCR139,Kolkata,22.5726,88.3639,162.8,7.85,8.27,30.2,7.68,13.1,0.89,255,2024-07-27 20:30:00
NCCR140,Puducherry,11.9416,79.8083,57.4,6.99,8.42,35.6,6.91,8.3,0.72,173,2024-07-27 20:45:00
NCCR141,Kochi,9.9312,76.2673,220.3,5.52,7.99,32.0,6.18,20.8,0.84,530,2024-07-27 21:00:00
NCCR142,Kolkata,22.5726,88.3639,76.7,6.67,8.35,30.3,6.4,6.7,0.83,370,2024-07-27 21:15:00
NCCR143,Puducherry,11.9416,79.8083,287.6,4.92,8.42,32.6,5.74,17.4,0.71,404,2024-07-27 21:30:00
NCCR144,Tuticorin,8.7642,78.1348,114.9,5.24,7.94,33.5,7.95,18.8,0.8,303,2024-07-27 21:45:00
NCCR145,Goa,15.2993,74.124,206.7,8.92,8.31,36.3,6.72,22.1,0.84,173,2024-07-27 22:00:00
NCCR146,Puducherry,11.9416,79.8083,273.6,6.68,8.32,36.5,6.52,24.2,0.51,320,2024-07-27 22:15:00
NCCR147,Tuticorin,8.7642,78.1348,77.4,6.41,8.49,30.8,5.65,24.5,0.79,596,2024-07-27 22:30:00
NCCR148,Tuticorin,8.7642,78.1348,57.4,7.35,7.93,33.1,5.46,15.7,0.93,413,2024-07-27 22:45:00
NCCR149,Goa,15.2993,74.124,128.8,5.08,8.13,33.1,6.41,10.4,0.73,417,2024-07-27 23:00:00
NCCR150,Mumbai,19.076,72.8777,154.6,6.54,8.2,31.4,7.02,9.8,0.63,525,2024-07-27 23:15:00
NCCR151,Mumbai,19.076,72.8777,221.9,8.21,8.41,30.6,5.88,23.6,0.51,449,2024-07-27 23:30:00
NCCR152,Chennai,13.0827,80.2707,58.7,5.49,8.07,35.1,7.1,17.2,0.5,570,2024-07-27 23:45:00
NCCR153,Kolkata,22.5726,88.3639,68.9,4.93,7.94,32.5,7.51,12.8,0.73,298,2024-07-28 00:00:00
NCCR154,Goa,15.2993,74.124,52.0,8.72,7.95,36.7,6.52,19.4,0.7,325,2024-07-28 00:15:00
NCCR155,Mangalore,12.9141,74.856,96.6,4.94,8.31,30.3,7.56,5.6,0.68,190,2024-07-28 00:30:00
NCCR156,Kochi,9.9312,76.2673,109.8,6.45,7.91,36.8,5.6,24.3,0.84,411,2024-07-28 00:45:00
NCCR157,Kochi,9.9312,76.2673,279.6,5.99,8.36,36.4,7.05,10.4,0.68,396,2024-07-28 01:00:00
NCCR158,Goa,15.2993,74.124,65.8,8.22,7.81,33.4,6.22,13.2,0.92,226,2024-07-28 01:15:00
NCCR159,Kochi,9.9312,76.2673,149.5,4.9,7.68,33.9,5.65,21.9,0.56,300,2024-07-28 01:30:00
NCCR160,Kochi,9.9312,76.2673,97.5,7.38,7.9,36.8,6.91,11.5,0.81,532,2024-07-28 01:45:00
NCCR161,Puducherry,11.9416,79.8083,250.4,6.82,8.47,36.9,7.83,6.6,0.87,429,2024-07-28 02:00:00
NCCR162,Andaman,11.6234,92.7265,258.7,6.95,7.67,32.6,7.12,16.2,0.69,220,2024-07-28 02:15:00
NCCR163,Mumbai,19.076,72.8777,219.8,4.56,8.08,33.4,5.39,9.1,0.67,246,2024-07-28 02:30:00
NCCR164,Puducherry,11.9416,79.8083,64.9,6.54,7.51,30.5,7.32,16.3,0.62,164,2024-07-28 02:45:00
NCCR165,Mumbai,19.076,72.8777,179.2,8.38,8.38,34.7,5.27,7.5,0.87,375,2024-07-28 03:00:00
NCCR166,Andaman,11.6234,92.7265,60.9,8.06,7.92,36.5,5.7,13.5,0.64,349,2024-07-28 03:15:00
NCCR167,Puducherry,11.9416,79.8083,292.0,6.79,8.18,31.1,5.04,5.1,0.62,187,2024-07-28 03:30:00
NCCR168,Mumbai,19.076,72.8777,262.0,8.55,8.33,32.5,6.17,11.5,0.85,545,2024-07-28 03:45:00
NCCR169,Mangalore,12.9141,74.856,285.7,5.67,7.97,36.3,6.24,13.9,0.55,231,2024-07-28 04:00:00
NCCR170,Andaman,11.6234,92.7265,141.3,4.64,7.92,36.1,7.29,9.0,0.84,206,2024-07-28 04:15:00
NCCR171,Tuticorin,8.7642,78.1348,105.4,5.63,7.67,34.6,7.5,12.5,0.55,259,2024-07-28 04:30:00
NCCR172,Tuticorin,8.7642,78.1348,109.4,6.3,8.31,32.7,5.73,18.6,0.95,590,2024-07-28 04:45:00
NCCR173,Goa,15.2993,74.124,164.1,7.92,8.12,36.5,6.04,8.9,0.73,228,2024-07-28 05:00:00
NCCR174,Mangalore,12.9141,74.856,256.9,6.36,8.35,35.1,5.04,5.4,0.56,197,2024-07-28 05:15:00
NCCR175,Tuticorin,8.7642,78.1348,246.7,4.77,7.99,36.6,7.04,10.7,0.72,162,2024-07-28 05:30:00
NCCR176,Mumbai,19.076,72.8777,281.8,6.57,8.39,33.2,5.6,13.0,0.88,388,2024-07-28 05:45:00
NCCR177,Tuticorin,8.7642,78.1348,198.2,6.17,8.2,31.8,5.56,15.4,0.84,404,2024-07-28 06:00:00
NCCR178,Goa,15.2993,74.124,147.1,5.2,7.62,32.2,7.47,20.9,0.71,274,2024-07-28 06:15:00
NCCR179,Chennai,13.0827,80.2707,185.8,4.96,7.69,35.3,7.74,5.3,0.56,339,2024-07-28 06:30:00
NCCR180,Chennai,13.0827,80.2707,101.1,6.43,8.0,32.5,5.33,16.9,0.7,344,2024-07-28 06:45:00
NCCR181,Kochi,9.9312,76.2673,167.0,6.1,7.51,35.3,6.31,10.3,0.75,432,2024-07-28 07:00:00
NCCR182,Andaman,11.6234,92.7265,149.0,6.1,7.84,36.6,7.8,13.7,0.86,455,2024-07-28 07:15:00
NCCR183,Goa,15.2993,74.124,84.3,7.91,8.2,30.5,6.94,5.8,0.84,217,2024-07-28 07:30:00
NCCR184,Goa,15.2993,74.124,290.9,5.83,7.8,33.8,7.44,16.9,0.53,249,2024-07-28 07:45:00
NCCR185,Andaman,11.6234,92.7265,188.8,8.92,8.18,33.8,6.51,18.9,0.73,284,2024-07-28 08:00:00
NCCR186,Mangalore,12.9141,74.856,88.4,5.48,8.43,30.1,5.57,15.2,0.94,291,2024-07-28 08:15:00
NCCR187,Tuticorin,8.7642,78.1348,172.8,4.66,7.7,31.8,5.32,20.4,0.78,599,2024-07-28 08:30:00
NCCR188,Kolkata,22.5726,88.3639,274.9,8.36,7.91,36.2,6.23,13.3,0.52,303,2024-07-28 08:45:00
NCCR189,Kolkata,22.5726,88.3639,269.7,5.07,7.5,30.6,5.09,5.3,0.68,372,2024-07-28 09:00:00
NCCR190,Andaman,11.6234,92.7265,128.8,6.59,7.99,33.0,6.52,16.2,0.64,565,2024-07-28 09:15:00
NCCR191,Mumbai,19.076,72.8777,113.2,4.81,7.85,30.0,5.4,11.5,0.75,234,2024-07-28 09:30:00
NCCR192,Goa,15.2993,74.124,177.5,7.35,8.17,32.5,5.34,21.9,0.73,526,2024-07-28 09:45:00
NCCR193,Mumbai,19.076,72.8777,148.3,7.78,7.59,31.6,6.92,18.4,0.65,381,2024-07-28 10:00:00
NCCR194,Mangalore,12.9141,74.856,197.5,6.78,8.34,31.9,5.16,7.3,0.9,405,2024-07-28 10:15:00
NCCR195,Tuticorin,8.7642,78.1348,88.5,4.93,7.53,35.8,5.32,18.3,0.81,216,2024-07-28 10:30:00
NCCR196,Kochi,9.9312,76.2673,85.6,8.42,8.37,36.3,5.6,7.2,0.56,549,2024-07-28 10:45:00
NCCR197,Kolkata,22.5726,88.3639,198.5,6.85,7.99,36.3,5.67,24.4,0.61,466,2024-07-28 11:00:00
NCCR198,Andaman,11.6234,92.7265,177.9,8.8,7.68,35.9,7.97,5.5,0.68,285,2024-07-28 11:15:00
NCCR199,Visakhapatnam,17.6868,83.2185,191.9,4.76,8.18,33.3,6.19,21.8,0.61,192,2024-07-28 11:30:00
NCCR200,Kochi,9.9312,76.2673,153.0,5.55,7.58,33.2,6.48,12.1,0.62,326,2024-07-28 11:45:00
NCCR201,Chennai,13.0827,80.2707,195.3,8.43,8.3,34.9,7.07,19.9,0.66,410,2024-07-28 12:00:00
NCCR202,Kolkata,22.5726,88.3639,124.0,6.78,7.5,34.2,5.15,13.5,0.63,179,2024-07-28 12:15:00
NCCR203,Visakhapatnam,17.6868,83.2185,188.7,5.28,8.11,35.7,6.53,23.4,0.89,290,2024-07-28 12:30:00
NCCR204,Puducherry,11.9416,79.8083,81.1,8.45,7.71,31.8,5.22,20.2,0.85,590,2024-07-28 12:45:00
NCCR205,Chennai,13.0827,80.2707,61.7,6.73,8.28,33.4,5.14,14.5,0.72,419,2024-07-28 13:00:00
NCCR206,Andaman,11.6234,92.7265,279.9,8.16,7.81,33.5,6.39,11.6,0.71,327,2024-07-28 13:15:00
NCCR207,Kolkata,22.5726,88.3639,145.9,4.51,7.61,32.5,5.87,10.2,0.83,552,2024-07-28 13:30:00
NCCR208,Tuticorin,8.7642,78.1348,101.8,6.57,8.32,33.2,6.67,8.6,0.76,519,2024-07-28 13:45:00
NCCR209,Kochi,9.9312,76.2673,128.9,8.37,8.27,32.9,5.61,17.2,0.83,552,2024-07-28 14:00:00
NCCR210,Tuticorin,8.7642,78.1348,268.2,8.88,7.58,36.2,5.5,19.0,0.61,485,2024-07-28 14:15:00
NCCR211,Kochi,9.9312,76.2673,193.7,7.23,7.61,35.2,5.19,14.0,0.6,457,2024-07-28 14:30:00
NCCR212,Puducherry,11.9416,79.8083,148.5,7.59,7.7,33.4,7.77,12.3,0.59,268,2024-07-28 14:45:00
NCCR213,Tuticorin,8.7642,78.1348,50.9,5.98,8.38,37.0,7.9,19.4,0.71,488,2024-07-28 15:00:00
NCCR214,Mangalore,12.9141,74.856,130.7,7.61,8.44,35.8,6.89,5.7,0.55,281,2024-07-28 15:15:00
NCCR215,Kolkata,22.5726,88.3639,283.8,7.44,7.93,30.4,5.84,18.8,0.51,541,2024-07-28 15:30:00
NCCR216,Visakhapatnam,17.6868,83.2185,286.4,4.75,7.78,30.8,7.05,15.7,0.65,437,2024-07-28 15:45:00
NCCR217,Mumbai,19.076,72.8777,174.3,7.5,8.49,35.7,6.24,12.4,0.68,202,2024-07-28 16:00:00
NCCR218,Andaman,11.6234,92.7265,197.0,5.41,8.2,32.7,6.34,11.8,0.55,379,2024-07-28 16:15:00
NCCR219,Kochi,9.9312,76.2673,135.4,6.22,8.2,35.6,5.75,9.5,0.95,158,2024-07-28 16:30:00
NCCR220,Goa,15.2993,74.124,174.0,5.51,8.3,36.6,6.53,5.6,0.82,475,2024-07-28 16:45:00
NCCR221,Kolkata,22.5726,88.3639,95.7,7.93,8.48,35.5,5.52,10.2,0.64,522,2024-07-28 17:00:00
NCCR222,Kolkata,22.5726,88.3639,143.7,4.7,7.68,36.4,5.38,23.9,0.86,331,2024-07-28 17:15:00
NCCR223,Tuticorin,8.7642,78.1348,95.0,8.26,7.63,30.8,7.55,18.8,0.92,336,2024-07-28 17:30:00
NCCR224,Tuticorin,8.7642,78.1348,236.7,8.04,8.11,34.2,6.61,14.2,0.54,235,2024-07-28 17:45:00
NCCR225,Kochi,9.9312,76.2673,259.4,5.16,8.19,36.9,7.82,18.2,0.83,552,2024-07-28 18:00:00
NCCR226,Kolkata,22.5726,88.3639,257.8,7.59,7.77,31.5,5.85,11.3,0.68,566,2024-07-28 18:15:00
NCCR227,Andaman,11.6234,92.7265,105.0,6.87,7.8,32.9,5.58,22.9,0.62,197,2024-07-28 18:30:00
NCCR228,Tuticorin,8.7642,78.1348,201.6,7.86,7.6,36.7,5.03,17.7,0.5,350,2024-07-28 18:45:00
NCCR229,Mumbai,19.076,72.8777,258.1,6.99,7.82,35.1,6.18,9.4,0.71,382,2024-07-28 19:00:00
NCCR230,Mangalore,12.9141,74.856,134.4,7.79,8.37,30.1,5.37,23.8,0.69,546,2024-07-28 19:15:00
NCCR231,Goa,15.2993,74.124,111.1,6.68,7.58,33.2,5.76,15.7,0.54,317,2024-07-28 19:30:00
NCCR232,Mumbai,19.076,72.8777,151.8,6.1,8.3,31.6,7.7,6.8,0.54,390,2024-07-28 19:45:00
NCCR233,Puducherry,11.9416,79.8083,183.3,5.7,7.64,31.2,7.97,11.7,0.59,151,2024-07-28 20:00:00
NCCR234,Kolkata,22.5726,88.3639,264.1,8.92,8.13,34.8,7.8,20.3,0.71,571,2024-07-28 20:15:00
NCCR235,Mangalore,12.9141,74.856,192.4,7.45,7.61,33.4,7.56,23.7,0.91,537,2024-07-28 20:30:00
NCCR236,Mangalore,12.9141,74.856,161.2,7.83,7.99,31.4,5.83,16.2,0.68,436,2024-07-28 20:45:00
NCCR237,Andaman,11.6234,92.7265,276.6,7.52,8.13,30.7,7.78,21.8,0.7,584,2024-07-28 21:00:00
NCCR238,Kolkata,22.5726,88.3639,92.6,7.55,8.31,32.8,7.07,23.2,0.83,473,2024-07-28 21:15:00
NCCR239,Mangalore,12.9141,74.856,206.0,8.21,7.69,35.0,7.74,21.1,0.78,328,2024-07-28 21:30:00
NCCR240,Chennai,13.0827,80.2707,180.4,7.4,7.55,30.6,6.79,10.3,0.71,298,2024-07-28 21:45:00
NCCR241,Mangalore,12.9141,74.856,113.5,5.38,7.63,34.9,6.37,10.7,0.71,387,2024-07-28 22:00:00
NCCR242,Kochi,9.9312,76.2673,283.6,7.86,8.47,31.2,6.21,12.0,0.51,404,2024-07-28 22:15:00
NCCR243,Kochi,9.9312,76.2673,177.4,6.8,7.78,34.9,7.51,18.4,0.73,266,2024-07-28 22:30:00
NCCR244,Mangalore,12.9141,74.856,290.8,8.18,8.12,35.9,7.74,9.2,0.65,572,2024-07-28 22:45:00
NCCR245,Visakhapatnam,17.6868,83.2185,245.1,7.86,8.28,33.2,6.46,13.6,0.73,436,2024-07-28 23:00:00
NCCR246,Chennai,13.0827,80.2707,173.5,6.76,8.21,30.9,5.81,22.3,0.95,555,2024-07-28 23:15:00
NCCR247,Kochi,9.9312,76.2673,238.2,6.98,7.8,34.9,6.08,10.1,0.85,292,2024-07-28 23:30:00
NCCR248,Puducherry,11.9416,79.8083,239.2,5.64,7.99,34.0,6.87,11.4,0.65,467,2024-07-28 23:45:00
NCCR249,Kolkata,22.5726,88.3639,252.1,4.53,7.95,33.5,6.86,5.1,0.68,399,2024-07-29 00:00:00
NCCR250,Mangalore,12.9141,74.856,258.0,4.63,8.49,34.9,7.05,24.7,0.82,308,2024-07-29 00:15:00
NCCR251,Kochi,9.9312,76.2673,254.5,4.93,7.65,34.2,5.33,22.6,0.75,227,2024-07-29 00:30:00
NCCR252,Visakhapatnam,17.6868,83.2185,86.4,4.8,8.01,34.0,7.52,11.2,0.67,444,2024-07-29 00:45:00
NCCR253,Chennai,13.0827,80.2707,288.5,4.97,7.8,34.8,6.26,20.4,0.87,310,2024-07-29 01:00:00
NCCR254,Goa,15.2993,74.124,67.3,8.44,7.92,34.0,7.22,13.8,0.59,235,2024-07-29 01:15:00
NCCR255,Puducherry,11.9416,79.8083,172.8,7.38,8.49,32.4,6.83,8.4,0.62,572,2024-07-29 01:30:00
NCCR256,Mumbai,19.076,72.8777,288.3,6.87,7.55,36.6,5.05,11.0,0.82,296,2024-07-29 01:45:00
NCCR257,Tuticorin,8.7642,78.1348,230.7,6.68,7.96,33.8,7.23,11.5,0.58,296,2024-07-29 02:00:00
NCCR258,Kochi,9.9312,76.2673,89.8,7.21,7.97,30.0,6.98,12.5,0.53,334,2024-07-29 02:15:00
NCCR259,Puducherry,11.9416,79.8083,60.7,7.5,7.66,30.9,5.26,17.5,0.55,539,2024-07-29 02:30:00
NCCR260,Kochi,9.9312,76.2673,207.3,7.58,7.69,35.9,7.68,18.7,0.74,599,2024-07-29 02:45:00
NCCR261,Kochi,9.9312,76.2673,206.6,8.59,8.31,35.0,7.73,18.6,0.72,402,2024-07-29 03:00:00
NCCR262,Chennai,13.0827,80.2707,133.5,6.82,7.9,34.1,7.62,15.8,0.78,575,2024-07-29 03:15:00
NCCR263,Mumbai,19.076,72.8777,149.8,8.93,7.51,35.7,5.38,19.6,0.75,543,2024-07-29 03:30:00
NCCR264,Chennai,13.0827,80.2707,246.1,6.54,8.18,30.1,7.97,6.1,0.9,371,2024-07-29 03:45:00
NCCR265,Mangalore,12.9141,74.856,134.9,5.08,8.33,36.2,7.97,13.9,0.63,300,2024-07-29 04:00:00
NCCR266,Chennai,13.0827,80.2707,85.2,6.73,7.64,35.7,5.67,15.9,0.82,428,2024-07-29 04:15:00
NCCR267,Chennai,13.0827,80.2707,63.3,5.88,7.56,32.6,5.19,10.3,0.66,384,2024-07-29 04:30:00
NCCR268,Andaman,11.6234,92.7265,137.4,8.97,7.69,31.4,6.77,12.7,0.79,319,2024-07-29 04:45:00
NCCR269,Mangalore,12.9141,74.856,176.6,4.63,8.38,33.7,6.15,16.4,0.51,439,2024-07-29 05:00:00
NCCR270,Mumbai,19.076,72.8777,258.5,5.09,8.42,36.2,6.71,21.9,0.57,200,2024-07-29 05:15:00
NCCR271,Chennai,13.0827,80.2707,128.6,7.35,7.74,35.6,6.34,22.3,0.93,518,2024-07-29 05:30:00
NCCR272,Puducherry,11.9416,79.8083,235.0,6.71,8.19,35.4,7.8,8.7,0.76,361,2024-07-29 05:45:00
NCCR273,Tuticorin,8.7642,78.1348,148.2,6.54,7.9,33.4,5.23,17.1,0.6,253,2024-07-29 06:00:00
NCCR274,Visakhapatnam,17.6868,83.2185,144.0,5.16,7.72,34.9,6.17,15.2,0.59,296,2024-07-29 06:15:00
NCCR275,Andaman,11.6234,92.7265,287.6,5.56,7.98,33.5,6.23,14.4,0.57,533,2024-07-29 06:30:00
NCCR276,Andaman,11.6234,92.7265,174.1,6.1,8.15,31.3,6.19,11.9,0.77,519,2024-07-29 06:45:00
NCCR277,Puducherry,11.9416,79.8083,73.5,6.51,7.95,31.8,5.56,6.2,0.82,359,2024-07-29 07:00:00
NCCR278,Kolkata,22.5726,88.3639,102.2,5.34,7.58,31.9,7.13,10.6,0.65,484,2024-07-29 07:15:00
NCCR279,Kolkata,22.5726,88.3639,138.8,4.61,8.4,32.3,5.1,17.6,0.86,249,2024-07-29 07:30:00
NCCR280,Kochi,9.9312,76.2673,137.7,5.74,8.16,31.0,5.42,13.6,0.93,243,2024-07-29 07:45:00
NCCR281,Chennai,13.0827,80.2707,73.3,5.56,8.47,35.8,6.2,19.3,0.5,349,2024-07-29 08:00:00
NCCR282,Mangalore,12.9141,74.856,65.1,8.71,7.63,36.8,7.36,14.9,0.51,372,2024-07-29 08:15:00
NCCR283,Visakhapatnam,17.6868,83.2185,202.8,6.24,7.87,34.4,7.74,22.6,0.83,490,2024-07-29 08:30:00
NCCR284,Puducherry,11.9416,79.8083,175.1,5.14,7.78,31.9,6.11,18.0,0.61,422,2024-07-29 08:45:00
NCCR285,Andaman,11.6234,92.7265,93.3,6.8,8.26,34.8,7.65,7.2,0.8,579,2024-07-29 09:00:00
NCCR286,Tuticorin,8.7642,78.1348,298.8,6.88,8.39,30.2,7.05,24.9,0.55,465,2024-07-29 09:15:00
NCCR287,Chennai,13.0827,80.2707,168.8,6.46,8.0,34.5,7.58,6.1,0.54,469,2024-07-29 09:30:00
NCCR288,Mumbai,19.076,72.8777,78.8,7.61,7.91,31.2,5.34,20.8,0.55,172,2024-07-29 09:45:00
NCCR289,Chennai,13.0827,80.2707,63.9,6.56,8.49,31.8,5.96,20.5,0.85,230,2024-07-29 10:00:00
NCCR290,Puducherry,11.9416,79.8083,267.2,8.19,8.43,34.2,5.17,22.2,0.92,548,2024-07-29 10:15:00
NCCR291,Mumbai,19.076,72.8777,235.3,4.57,7.69,35.2,5.16,18.0,0.79,293,2024-07-29 10:30:00
NCCR292,Tuticorin,8.7642,78.1348,178.3,7.03,8.3,30.6,7.12,20.3,0.76,254,2024-07-29 10:45:00
NCCR293,Tuticorin,8.7642,78.1348,207.5,6.71,8.01,30.5,5.51,9.0,0.71,594,2024-07-29 11:00:00
NCCR294,Mangalore,12.9141,74.856,229.9,6.7,8.17,32.2,5.17,12.2,0.89,349,2024-07-29 11:15:00
NCCR295,Tuticorin,8.7642,78.1348,279.3,5.47,7.74,31.9,5.65,16.2,0.66,451,2024-07-29 11:30:00
NCCR296,Kolkata,22.5726,88.3639,181.7,6.66,7.61,30.9,7.09,15.6,0.72,260,2024-07-29 11:45:00
NCCR297,Puducherry,11.9416,79.8083,212.3,8.05,7.87,35.0,7.58,24.6,0.61,295,2024-07-29 12:00:00
NCCR298,Chennai,13.0827,80.2707,155.7,5.31,7.77,35.2,5.38,12.5,0.92,198,2024-07-29 12:15:00
NCCR299,Visakhapatnam,17.6868,83.2185,110.3,8.8,7.7,33.1,7.67,8.4,0.57,468,2024-07-29 12:30:00
NCCR300,Goa,15.2993,74.124,297.7,7.24,7.86,36.5,6.62,10.2,0.87,172,2024-07-29 12:45:00
NCCR301,Visakhapatnam,17.6868,83.2185,122.9,7.63,7.9,30.7,5.55,7.4,0.87,438,2024-07-29 13:00:00
NCCR302,Kochi,9.9312,76.2673,219.4,7.06,8.31,35.9,6.89,20.0,0.66,398,2024-07-29 13:15:00
NCCR303,Goa,15.2993,74.124,92.7,5.28,8.43,31.9,7.83,16.1,0.64,539,2024-07-29 13:30:00
NCCR304,Andaman,11.6234,92.7265,269.5,8.8,8.31,33.1,6.32,21.7,0.91,312,2024-07-29 13:45:00
NCCR305,Kochi,9.9312,76.2673,145.6,8.53,7.92,32.6,5.73,19.9,0.62,245,2024-07-29 14:00:00
NCCR306,Kolkata,22.5726,88.3639,100.6,6.03,8.09,30.4,7.85,14.5,0.57,532,2024-07-29 14:15:00
NCCR307,Mumbai,19.076,72.8777,190.5,4.67,7.61,31.0,6.11,24.6,0.64,578,2024-07-29 14:30:00
NCCR308,Andaman,11.6234,92.7265,296.2,6.08,8.02,33.8,6.45,16.6,0.89,313,2024-07-29 14:45:00
NCCR309,Mumbai,19.076,72.8777,74.8,7.17,7.85,35.6,6.93,9.7,0.84,272,2024-07-29 15:00:00
NCCR310,Kochi,9.9312,76.2673,119.9,8.0,8.42,34.3,6.08,9.8,0.88,489,2024-07-29 15:15:00
NCCR311,Kochi,9.9312,76.2673,224.6,8.84,7.78,33.8,6.84,15.0,0.93,539,2024-07-29 15:30:00
NCCR312,Mangalore,12.9141,74.856,93.1,6.68,8.25,33.7,6.99,21.0,0.57,436,2024-07-29 15:45:00
NCCR313,Mumbai,19.076,72.8777,120.1,6.72,8.37,30.5,7.61,6.6,0.91,464,2024-07-29 16:00:00
NCCR314,Mumbai,19.076,72.8777,116.6,5.06,7.55,30.4,7.3,24.5,0.54,408,2024-07-29 16:15:00
NCCR315,Kochi,9.9312,76.2673,265.6,7.66,8.03,32.9,6.34,11.8,0.87,243,2024-07-29 16:30:00
NCCR316,Chennai,13.0827,80.2707,69.3,5.71,7.96,31.4,6.08,13.7,0.78,408,2024-07-29 16:45:00
NCCR317,Mumbai,19.076,72.8777,238.5,7.87,8.39,34.2,7.4,10.4,0.57,197,2024-07-29 17:00:00
NCCR318,Chennai,13.0827,80.2707,254.3,4.6,8.43,35.7,6.8,20.3,0.74,362,2024-07-29 17:15:00
NCCR319,Puducherry,11.9416,79.8083,120.9,6.62,8.07,36.8,7.87,21.2,0.93,180,2024-07-29 17:30:00
NCCR320,Kochi,9.9312,76.2673,270.5,6.32,8.09,36.6,5.79,9.6,0.89,504,2024-07-29 17:45:00
NCCR321,Tuticorin,8.7642,78.1348,52.2,6.91,8.19,34.3,7.87,9.8,0.92,595,2024-07-29 18:00:00
NCCR322,Kochi,9.9312,76.2673,120.1,8.48,7.85,36.0,6.44,17.3,0.58,366,2024-07-29 18:15:00
NCCR323,Tuticorin,8.7642,78.1348,204.3,5.41,8.32,33.4,7.13,12.4,0.73,311,2024-07-29 18:30:00
NCCR324,Chennai,13.0827,80.2707,222.1,7.07,8.48,33.6,5.4,23.2,0.65,583,2024-07-29 18:45:00
NCCR325,Chennai,13.0827,80.2707,257.1,8.67,8.27,33.2,6.24,19.9,0.64,387,2024-07-29 19:00:00
NCCR326,Mumbai,19.076,72.8777,107.8,4.53,7.98,33.7,6.24,22.7,0.6,542,2024-07-29 19:15:00
NCCR327,Kochi,9.9312,76.2673,249.6,8.32,7.71,31.0,5.66,7.0,0.88,176,2024-07-29 19:30:00
NCCR328,Puducherry,11.9416,79.8083,159.8,6.47,7.83,34.7,5.68,19.8,0.94,317,2024-07-29 19:45:00
NCCR329,Puducherry,11.9416,79.8083,112.4,6.64,8.26,34.1,7.5,20.8,0.7,232,2024-07-29 20:00:00
NCCR330,Puducherry,11.9416,79.8083,208.0,7.26,7.59,36.8,6.27,9.9,0.63,578,2024-07-29 20:15:00
NCCR331,Goa,15.2993,74.124,209.6,4.95,8.1,31.6,5.82,17.0,0.53,211,2024-07-29 20:30:00
NCCR332,Goa,15.2993,74.124,87.0,6.63,8.24,31.6,6.97,14.7,0.66,544,2024-07-29 20:45:00
NCCR333,Tuticorin,8.7642,78.1348,159.0,5.87,7.78,31.0,7.27,21.3,0.82,454,2024-07-29 21:00:00
NCCR334,Andaman,11.6234,92.7265,281.2,7.76,7.63,31.1,7.92,7.5,0.55,426,2024-07-29 21:15:00
NCCR335,Visakhapatnam,17.6868,83.2185,203.7,7.96,8.46,31.7,6.91,22.7,0.55,313,2024-07-29 21:30:00
NCCR336,Kochi,9.9312,76.2673,127.0,6.6,8.4,34.2,5.61,20.9,0.78,230,2024-07-29 21:45:00
NCCR337,Tuticorin,8.7642,78.1348,118.1,5.26,7.83,33.4,7.59,14.9,0.76,501,2024-07-29 22:00:00
NCCR338,Kochi,9.9312,76.2673,90.8,4.8,8.01,33.5,6.36,13.0,0.78,486,2024-07-29 22:15:00
NCCR339,Mangalore,12.9141,74.856,93.7,7.84,8.42,31.0,7.41,7.7,0.65,544,2024-07-29 22:30:00
NCCR340,Kochi,9.9312,76.2673,206.8,7.41,8.0,33.7,7.15,6.3,0.54,363,2024-07-29 22:45:00
NCCR341,Mumbai,19.076,72.8777,273.8,5.18,7.91,36.9,6.12,16.1,0.78,263,2024-07-29 23:00:00
NCCR342,Tuticorin,8.7642,78.1348,67.4,6.9,7.65,34.2,5.62,17.4,0.92,420,2024-07-29 23:15:00
NCCR343,Mumbai,19.076,72.8777,196.1,5.52,7.74,30.5,5.69,13.9,0.58,383,2024-07-29 23:30:00
NCCR344,Kochi,9.9312,76.2673,90.2,6.5,7.88,34.2,5.71,16.2,0.82,445,2024-07-29 23:45:00
NCCR345,Chennai,13.0827,80.2707,84.2,5.24,8.37,35.1,6.32,19.7,0.81,155,2024-07-30 00:00:00
NCCR346,Tuticorin,8.7642,78.1348,258.0,8.21,7.55,34.4,7.01,8.4,0.69,336,2024-07-30 00:15:00
NCCR347,Tuticorin,8.7642,78.1348,74.2,5.51,8.37,30.8,5.18,18.3,0.89,191,2024-07-30 00:30:00
NCCR348,Goa,15.2993,74.124,292.9,8.37,8.47,31.4,5.59,17.0,0.89,316,2024-07-30 00:45:00
NCCR349,Kolkata,22.5726,88.3639,266.9,6.66,8.26,32.7,6.37,12.8,0.52,240,2024-07-30 01:00:00
NCCR350,Mumbai,19.076,72.8777,285.2,4.67,8.17,34.9,6.07,18.6,0.61,213,2024-07-30 01:15:00
NCCR351,Mangalore,12.9141,74.856,123.8,6.35,7.73,34.5,5.78,11.5,0.63,537,2024-07-30 01:30:00
NCCR352,Visakhapatnam,17.6868,83.2185,56.2,5.09,7.71,32.0,5.46,20.6,0.88,339,2024-07-30 01:45:00
NCCR353,Mangalore,12.9141,74.856,169.6,6.78,8.48,30.6,7.61,7.1,0.71,559,2024-07-30 02:00:00
NCCR354,Mangalore,12.9141,74.856,79.1,8.81,8.12,31.8,7.31,20.5,0.56,493,2024-07-30 02:15:00
NCCR355,Chennai,13.0827,80.2707,291.3,4.74,7.98,35.2,7.67,8.1,0.86,291,2024-07-30 02:30:00
NCCR356,Kolkata,22.5726,88.3639,148.8,7.07,7.85,37.0,6.04,20.9,0.59,591,2024-07-30 02:45:00
NCCR357,Goa,15.2993,74.124,81.6,8.74,7.91,34.8,6.87,9.2,0.56,195,2024-07-30 03:00:00
NCCR358,Puducherry,11.9416,79.8083,188.8,8.17,7.85,36.9,6.26,23.3,0.58,220,2024-07-30 03:15:00
NCCR359,Kochi,9.9312,76.2673,99.1,5.33,8.44,31.0,6.07,13.0,0.51,347,2024-07-30 03:30:00
NCCR360,Chennai,13.0827,80.2707,102.5,4.72,8.46,35.1,6.14,23.7,0.82,285,2024-07-30 03:45:00
NCCR361,Kolkata,22.5726,88.3639,133.2,5.26,7.66,31.5,7.72,10.7,0.62,358,2024-07-30 04:00:00
NCCR362,Mangalore,12.9141,74.856,264.2,7.52,8.02,31.9,6.85,8.3,0.77,410,2024-07-30 04:15:00
NCCR363,Andaman,11.6234,92.7265,271.8,5.47,8.23,36.2,5.95,7.6,0.91,169,2024-07-30 04:30:00
NCCR364,Kochi,9.9312,76.2673,56.8,6.05,8.03,30.8,7.48,7.5,0.63,446,2024-07-30 04:45:00
NCCR365,Chennai,13.0827,80.2707,74.1,7.25,8.29,32.6,7.85,18.6,0.68,284,2024-07-30 05:00:00
NCCR366,Goa,15.2993,74.124,230.7,8.32,7.59,33.3,7.72,19.0,0.95,284,2024-07-30 05:15:00
NCCR367,Puducherry,11.9416,79.8083,59.1,7.98,8.31,31.6,5.34,12.2,0.78,274,2024-07-30 05:30:00
NCCR368,Mangalore,12.9141,74.856,104.8,6.77,8.21,31.5,7.8,19.0,0.64,247,2024-07-30 05:45:00
NCCR369,Tuticorin,8.7642,78.1348,99.4,8.67,8.4,34.0,6.62,24.3,0.9,171,2024-07-30 06:00:00
NCCR370,Kolkata,22.5726,88.3639,122.2,8.2,8.35,31.4,5.0,21.5,0.53,417,2024-07-30 06:15:00
NCCR371,Tuticorin,8.7642,78.1348,178.7,4.56,8.0,34.1,6.16,12.0,0.82,249,2024-07-30 06:30:00
NCCR372,Visakhapatnam,17.6868,83.2185,221.9,4.95,7.78,33.4,5.18,18.1,0.75,153,2024-07-30 06:45:00
NCCR373,Kolkata,22.5726,88.3639,287.0,5.98,7.67,33.0,5.11,10.3,0.61,213,2024-07-30 07:00:00
NCCR374,Mangalore,12.9141,74.856,194.2,5.73,7.84,34.0,6.49,22.7,0.51,289,2024-07-30 07:15:00
NCCR375,Visakhapatnam,17.6868,83.2185,243.7,8.95,8.16,33.3,6.65,17.5,0.84,455,2024-07-30 07:30:00
NCCR376,Puducherry,11.9416,79.8083,221.0,5.96,7.74,31.3,5.03,13.9,0.68,537,2024-07-30 07:45:00
NCCR377,Mumbai,19.076,72.8777,196.8,6.43,8.24,32.2,6.92,8.8,0.78,185,2024-07-30 08:00:00
NCCR378,Kochi,9.9312,76.2673,122.7,7.49,8.29,35.3,6.87,22.4,0.87,251,2024-07-30 08:15:00
NCCR379,Chennai,13.0827,80.2707,291.2,6.56,8.33,36.3,7.72,8.9,0.5,359,2024-07-30 08:30:00
NCCR380,Andaman,11.6234,92.7265,185.5,8.29,7.9,32.8,5.43,14.6,0.88,291,2024-07-30 08:45:00
NCCR381,Visakhapatnam,17.6868,83.2185,106.7,8.94,7.55,33.0,7.16,24.4,0.88,430,2024-07-30 09:00:00
NCCR382,Kochi,9.9312,76.2673,105.7,8.11,7.94,30.2,5.07,18.0,0.59,575,2024-07-30 09:15:00
NCCR383,Mangalore,12.9141,74.856,160.9,4.71,7.55,36.2,5.66,16.5,0.93,488,2024-07-30 09:30:00
NCCR384,Chennai,13.0827,80.2707,84.2,7.26,7.67,36.8,7.82,7.5,0.95,357,2024-07-30 09:45:00
NCCR385,Andaman,11.6234,92.7265,271.7,8.04,7.76,35.0,7.85,20.6,0.7,183,2024-07-30 10:00:00
NCCR386,Mumbai,19.076,72.8777,259.6,8.86,8.11,30.2,5.09,18.8,0.82,480,2024-07-30 10:15:00
NCCR387,Kochi,9.9312,76.2673,83.1,7.33,7.64,32.9,6.99,13.6,0.53,447,2024-07-30 10:30:00
NCCR388,Mumbai,19.076,72.8777,192.3,7.26,8.01,32.7,6.85,16.7,0.75,162,2024-07-30 10:45:00
NCCR389,Andaman,11.6234,92.7265,152.4,5.9,8.43,31.3,7.89,23.2,0.87,598,2024-07-30 11:00:00
NCCR390,Chennai,13.0827,80.2707,70.5,7.69,8.19,30.6,6.43,21.4,0.66,309,2024-07-30 11:15:00
NCCR391,Puducherry,11.9416,79.8083,285.8,5.78,7.7,33.0,5.43,17.6,0.94,553,2024-07-30 11:30:00
NCCR392,Puducherry,11.9416,79.8083,195.1,5.74,7.71,32.0,6.21,16.4,0.81,191,2024-07-30 11:45:00
NCCR393,Kochi,9.9312,76.2673,246.5,7.65,7.55,35.6,6.54,10.8,0.83,341,2024-07-30 12:00:00
NCCR394,Andaman,11.6234,92.7265,227.2,6.55,7.79,35.3,5.17,19.5,0.66,438,2024-07-30 12:15:00
NCCR395,Goa,15.2993,74.124,129.7,4.68,8.28,34.9,5.26,13.3,0.75,550,2024-07-30 12:30:00
NCCR396,Kolkata,22.5726,88.3639,233.1,8.53,7.87,32.1,6.22,22.0,0.91,200,2024-07-30 12:45:00
NCCR397,Puducherry,11.9416,79.8083,117.8,5.88,8.18,31.5,5.75,15.3,0.58,344,2024-07-30 13:00:00
NCCR398,Kolkata,22.5726,88.3639,264.0,5.43,7.55,30.9,5.88,22.0,0.84,598,2024-07-30 13:15:00
NCCR399,Puducherry,11.9416,79.8083,146.7,6.06,7.68,33.3,6.12,9.9,0.64,385,2024-07-30 13:30:00
NCCR400,Puducherry,11.9416,79.8083,116.3,4.97,8.44,34.3,7.06,7.3,0.69,191,2024-07-30 13:45:00
NCCR401,Mumbai,19.076,72.8777,53.3,6.39,8.37,30.8,7.76,5.5,0.66,462,2024-07-30 14:00:00
NCCR402,Mumbai,19.076,72.8777,188.4,8.45,7.75,36.9,5.59,18.2,0.66,156,2024-07-30 14:15:00
NCCR403,Mumbai,19.076,72.8777,190.1,5.58,8.46,34.5,5.31,10.2,0.58,469,2024-07-30 14:30:00
NCCR404,Tuticorin,8.7642,78.1348,87.1,7.71,8.43,31.0,5.47,18.8,0.59,333,2024-07-30 14:45:00
NCCR405,Kochi,9.9312,76.2673,288.5,6.65,7.86,32.3,5.5,22.4,0.71,392,2024-07-30 15:00:00
NCCR406,Goa,15.2993,74.124,89.6,8.79,8.43,35.9,6.0,9.1,0.79,528,2024-07-30 15:15:00
NCCR407,Mumbai,19.076,72.8777,271.4,5.52,8.33,31.6,5.34,14.7,0.79,457,2024-07-30 15:30:00
NCCR408,Puducherry,11.9416,79.8083,77.6,5.36,7.67,32.8,6.3,14.7,0.71,312,2024-07-30 15:45:00
NCCR409,Puducherry,11.9416,79.8083,78.3,5.75,8.22,36.5,5.89,20.1,0.69,234,2024-07-30 16:00:00
NCCR410,Chennai,13.0827,80.2707,196.6,6.29,8.32,32.2,6.33,5.9,0.91,590,2024-07-30 16:15:00
NCCR411,Mumbai,19.076,72.8777,90.9,6.85,8.48,31.9,6.36,23.2,0.54,343,2024-07-30 16:30:00
NCCR412,Kolkata,22.5726,88.3639,51.9,8.66,7.97,34.7,6.65,9.6,0.64,312,2024-07-30 16:45:00
NCCR413,Mangalore,12.9141,74.856,163.4,5.77,8.47,33.1,6.91,23.8,0.94,175,2024-07-30 17:00:00
NCCR414,Chennai,13.0827,80.2707,214.8,5.32,7.8,35.2,7.36,15.9,0.71,545,2024-07-30 17:15:00
NCCR415,Mumbai,19.076,72.8777,55.0,6.46,7.62,34.6,6.81,17.4,0.91,563,2024-07-30 17:30:00
NCCR416,Andaman,11.6234,92.7265,297.8,8.78,8.45,34.8,5.21,14.0,0.86,291,2024-07-30 17:45:00
NCCR417,Andaman,11.6234,92.7265,84.4,8.13,7.85,32.7,5.27,23.8,0.63,440,2024-07-30 18:00:00
NCCR418,Goa,15.2993,74.124,206.3,6.54,8.41,31.9,6.62,15.1,0.65,253,2024-07-30 18:15:00
NCCR419,Kochi,9.9312,76.2673,278.4,8.11,8.11,32.7,7.39,14.1,0.7,372,2024-07-30 18:30:00
NCCR420,Puducherry,11.9416,79.8083,184.3,5.15,7.91,36.6,6.78,14.2,0.67,274,2024-07-30 18:45:00
NCCR421,Andaman,11.6234,92.7265,129.9,5.37,8.45,33.9,7.72,12.1,0.88,518,2024-07-30 19:00:00
NCCR422,Tuticorin,8.7642,78.1348,87.7,7.31,7.85,34.5,7.32,14.9,0.67,545,2024-07-30 19:15:00
NCCR423,Andaman,11.6234,92.7265,248.4,5.46,7.96,32.4,5.77,19.5,0.57,582,2024-07-30 19:30:00
NCCR424,Kolkata,22.5726,88.3639,83.9,8.45,7.53,33.8,7.45,13.8,0.69,160,2024-07-30 19:45:00
NCCR425,Kochi,9.9312,76.2673,206.9,5.31,8.17,31.9,6.58,8.4,0.58,478,2024-07-30 20:00:00
NCCR426,Kochi,9.9312,76.2673,287.3,4.85,7.57,35.7,7.9,23.8,0.9,325,2024-07-30 20:15:00
NCCR427,Kochi,9.9312,76.2673,275.1,7.25,8.1,30.5,5.9,17.5,0.91,169,2024-07-30 20:30:00
NCCR428,Mumbai,19.076,72.8777,194.2,7.04,7.55,31.2,5.84,19.3,0.84,507,2024-07-30 20:45:00
NCCR429,Kochi,9.9312,76.2673,194.5,8.86,7.94,32.2,7.95,11.1,0.75,200,2024-07-30 21:00:00
NCCR430,Kochi,9.9312,76.2673,271.1,5.83,8.26,33.4,7.61,16.4,0.77,333,2024-07-30 21:15:00
NCCR431,Visakhapatnam,17.6868,83.2185,151.0,7.42,8.06,31.8,7.82,17.8,0.94,213,2024-07-30 21:30:00
NCCR432,Chennai,13.0827,80.2707,133.0,8.31,7.52,34.9,5.71,12.4,0.82,324,2024-07-30 21:45:00
NCCR433,Puducherry,11.9416,79.8083,269.8,5.89,7.87,34.6,7.05,9.4,0.55,469,2024-07-30 22:00:00
NCCR434,Kochi,9.9312,76.2673,286.7,6.06,8.25,34.4,7.42,13.0,0.69,413,2024-07-30 22:15:00
NCCR435,Kolkata,22.5726,88.3639,59.7,7.27,7.8,34.3,5.79,23.5,0.69,268,2024-07-30 22:30:00
NCCR436,Tuticorin,8.7642,78.1348,139.2,5.69,8.27,31.4,5.01,9.6,0.93,549,2024-07-30 22:45:00
NCCR437,Puducherry,11.9416,79.8083,70.6,6.43,7.96,31.2,7.51,5.7,0.53,530,2024-07-30 23:00:00
NCCR438,Mangalore,12.9141,74.856,103.1,7.68,7.76,37.0,7.58,17.0,0.75,513,2024-07-30 23:15:00
NCCR439,Goa,15.2993,74.124,122.2,7.64,8.49,36.5,6.31,11.8,0.81,397,2024-07-30 23:30:00
NCCR440,Kolkata,22.5726,88.3639,273.0,4.74,8.44,33.2,6.98,12.5,0.55,285,2024-07-30 23:45:00
NCCR441,Puducherry,11.9416,79.8083,258.2,5.66,7.82,35.2,5.23,19.5,0.54,244,2024-07-31 00:00:00
NCCR442,Kochi,9.9312,76.2673,282.5,8.7,8.02,30.8,7.18,9.5,0.76,419,2024-07-31 00:15:00
NCCR443,Mumbai,19.076,72.8777,265.1,6.2,7.8,32.2,6.53,20.1,0.58,247,2024-07-31 00:30:00
NCCR444,Puducherry,11.9416,79.8083,159.2,8.14,8.31,33.6,7.0,21.5,0.82,392,2024-07-31 00:45:00
NCCR445,Chennai,13.0827,80.2707,81.8,6.46,8.01,34.8,7.4,6.6,0.66,514,2024-07-31 01:00:00
NCCR446,Kochi,9.9312,76.2673,110.5,8.37,8.2,34.9,5.14,23.8,0.87,438,2024-07-31 01:15:00
NCCR447,Goa,15.2993,74.124,79.5,7.6,7.98,31.9,7.09,8.1,0.79,534,2024-07-31 01:30:00
NCCR448,Puducherry,11.9416,79.8083,253.9,8.43,7.69,31.8,5.83,18.6,0.83,566,2024-07-31 01:45:00
NCCR449,Kolkata,22.5726,88.3639,233.7,7.46,7.96,30.2,7.78,9.1,0.9,412,2024-07-31 02:00:00
NCCR450,Goa,15.2993,74.124,91.3,4.7,7.53,32.3,5.88,16.3,0.93,293,2024-07-31 02:15:00
NCCR451,Puducherry,11.9416,79.8083,76.8,8.05,8.35,31.3,6.04,8.4,0.94,586,2024-07-31 02:30:00
NCCR452,Andaman,11.6234,92.7265,183.5,6.12,7.57,36.8,7.78,11.4,0.77,419,2024-07-31 02:45:00
NCCR453,Kolkata,22.5726,88.3639,64.9,4.84,8.02,31.0,5.86,15.6,0.53,401,2024-07-31 03:00:00
NCCR454,Visakhapatnam,17.6868,83.2185,227.9,5.43,7.97,33.6,6.95,11.0,0.75,221,2024-07-31 03:15:00
NCCR455,Puducherry,11.9416,79.8083,257.6,7.86,8.34,32.3,6.12,24.2,0.94,258,2024-07-31 03:30:00
NCCR456,Puducherry,11.9416,79.8083,140.4,8.13,8.1,35.0,7.66,5.4,0.91,250,2024-07-31 03:45:00
NCCR457,Tuticorin,8.7642,78.1348,61.9,7.42,8.27,30.9,7.64,21.5,0.78,583,2024-07-31 04:00:00
NCCR458,Andaman,11.6234,92.7265,281.6,6.51,7.56,36.9,5.81,24.3,0.66,282,2024-07-31 04:15:00
NCCR459,Kochi,9.9312,76.2673,225.4,8.64,8.26,30.0,6.0,14.4,0.71,598,2024-07-31 04:30:00
NCCR460,Chennai,13.0827,80.2707,287.0,6.19,8.01,36.2,6.85,21.3,0.59,406,2024-07-31 04:45:00
NCCR461,Kochi,9.9312,76.2673,113.3,7.6,7.54,31.7,5.48,5.5,0.75,492,2024-07-31 05:00:00
NCCR462,Mumbai,19.076,72.8777,221.2,7.92,7.96,32.0,7.54,6.5,0.65,360,2024-07-31 05:15:00
NCCR463,Puducherry,11.9416,79.8083,295.1,6.71,7.79,33.8,7.83,16.1,0.84,277,2024-07-31 05:30:00
NCCR464,Kochi,9.9312,76.2673,160.2,5.73,8.5,33.9,5.23,8.3,0.69,376,2024-07-31 05:45:00
NCCR465,Andaman,11.6234,92.7265,151.1,5.84,7.58,30.2,7.68,12.7,0.59,453,2024-07-31 06:00:00
NCCR466,Visakhapatnam,17.6868,83.2185,250.5,6.07,7.55,32.4,7.62,23.5,0.64,440,2024-07-31 06:15:00
NCCR467,Mumbai,19.076,72.8777,274.9,6.87,8.06,36.3,6.38,19.3,0.9,498,2024-07-31 06:30:00
NCCR468,Kochi,9.9312,76.2673,159.1,7.61,8.07,34.0,5.08,23.6,0.91,482,2024-07-31 06:45:00
NCCR469,Kolkata,22.5726,88.3639,196.0,6.04,7.65,36.4,6.3,11.6,0.68,381,2024-07-31 07:00:00
NCCR470,Andaman,11.6234,92.7265,97.1,6.72,7.52,34.3,6.01,11.0,0.71,239,2024-07-31 07:15:00
NCCR471,Visakhapatnam,17.6868,83.2185,104.1,4.88,8.22,31.3,5.06,11.9,0.62,234,2024-07-31 07:30:00
NCCR472,Kochi,9.9312,76.2673,154.9,5.83,7.77,34.6,5.7,21.5,0.83,322,2024-07-31 07:45:00
NCCR473,Visakhapatnam,17.6868,83.2185,74.8,8.17,8.2,33.8,7.91,12.2,0.86,311,2024-07-31 08:00:00
NCCR474,Andaman,11.6234,92.7265,109.1,7.06,8.33,32.1,6.07,20.7,0.83,448,2024-07-31 08:15:00
NCCR475,Puducherry,11.9416,79.8083,128.1,8.38,8.26,30.3,7.27,21.0,0.56,327,2024-07-31 08:30:00
NCCR476,Puducherry,11.9416,79.8083,64.8,7.87,7.9,32.0,6.77,19.6,0.61,384,2024-07-31 08:45:00
NCCR477,Goa,15.2993,74.124,72.3,7.51,7.87,31.2,6.58,5.9,0.51,407,2024-07-31 09:00:00
NCCR478,Kochi,9.9312,76.2673,64.9,7.08,7.58,36.9,6.26,10.8,0.7,591,2024-07-31 09:15:00
NCCR479,Mangalore,12.9141,74.856,258.8,4.89,8.01,36.7,7.71,21.0,0.72,236,2024-07-31 09:30:00
NCCR480,Goa,15.2993,74.124,66.9,6.6,7.76,32.3,7.27,21.8,0.93,280,2024-07-31 09:45:00
NCCR481,Puducherry,11.9416,79.8083,64.0,4.53,7.78,36.1,5.44,24.4,0.75,199,2024-07-31 10:00:00
NCCR482,Chennai,13.0827,80.2707,56.0,6.79,7.63,34.4,6.51,6.5,0.86,320,2024-07-31 10:15:00
NCCR483,Tuticorin,8.7642,78.1348,219.9,7.97,7.59,32.8,6.64,19.4,0.86,303,2024-07-31 10:30:00
NCCR484,Goa,15.2993,74.124,202.2,8.24,8.5,30.6,6.89,20.7,0.78,407,2024-07-31 10:45:00
NCCR485,Chennai,13.0827,80.2707,196.7,8.73,8.2,31.0,7.98,24.1,0.92,158,2024-07-31 11:00:00
NCCR486,Goa,15.2993,74.124,284.1,7.93,8.01,35.3,7.97,16.7,0.51,192,2024-07-31 11:15:00
NCCR487,Kolkata,22.5726,88.3639,117.8,7.12,7.81,31.5,7.24,20.3,0.54,562,2024-07-31 11:30:00
NCCR488,Kochi,9.9312,76.2673,146.4,5.87,7.63,31.0,6.96,12.4,0.84,339,2024-07-31 11:45:00
NCCR489,Chennai,13.0827,80.2707,106.1,7.57,7.55,35.9,5.54,6.7,0.67,171,2024-07-31 12:00:00
NCCR490,Chennai,13.0827,80.2707,115.4,8.46,7.55,35.1,7.76,17.3,0.95,368,2024-07-31 12:15:00
NCCR491,Chennai,13.0827,80.2707,150.2,6.33,7.61,34.2,7.32,12.0,0.69,234,2024-07-31 12:30:00
NCCR492,Mangalore,12.9141,74.856,85.1,6.47,8.13,31.7,7.76,11.6,0.69,171,2024-07-31 12:45:00
NCCR493,Andaman,11.6234,92.7265,222.7,8.06,8.13,33.4,5.29,21.4,0.84,202,2024-07-31 13:00:00
NCCR494,Tuticorin,8.7642,78.1348,118.3,5.84,7.99,33.1,6.66,14.8,0.87,179,2024-07-31 13:15:00
NCCR495,Kochi,9.9312,76.2673,229.8,6.21,8.04,30.3,5.75,5.7,0.64,527,2024-07-31 13:30:00
NCCR496,Goa,15.2993,74.124,212.6,6.25,8.36,30.1,6.27,5.9,0.94,220,2024-07-31 13:45:00
NCCR497,Tuticorin,8.7642,78.1348,286.3,7.14,8.48,32.2,7.96,16.0,0.52,579,2024-07-31 14:00:00
NCCR498,Mumbai,19.076,72.8777,217.1,5.87,7.99,36.1,5.03,21.5,0.87,582,2024-07-31 14:15:00
NCCR499,Puducherry,11.9416,79.8083,218.7,8.03,7.95,36.8,5.7,10.9,0.52,467,2024-07-31 14:30:00
NCCR500,Kochi,9.9312,76.2673,103.8,4.96,8.0,30.7,7.79,19.2,0.9,385,2024-07-31 14:45:00
